4,4,0.010711,0.000002,0.000038,0.02
200,4,0.035755,0.024324,0.010595,68.03
500,4,0.463162,0.428939,0.033526,92.61
4,4,0.001035,0.000001,0.000046,0.05
200,4,0.011250,0.009653,0.001092,85.81
500,4,0.175225,0.168702,0.005824,96.28
800,4,0.855001,0.833070,0.021304,97.43
1000,4,1.809307,1.794343,0.014380,99.17
2000,4,18.128178,18.075704,0.051873,99.71
4000,4,144.147142,140.850174,3.296182,97.71
4,4,0.000570,0.000001,0.000032,0.09
200,4,0.011418,0.009644,0.001211,84.47
500,4,0.176281,0.170631,0.005047,96.80
800,4,0.886449,0.826892,0.058858,93.28
1000,4,1.818102,1.801031,0.016436,99.06
2000,4,17.586792,17.530867,0.054537,99.68
4000,4,143.361191,142.452112,0.908489,99.37
5000,4,376.527660,372.471925,4.053728,98.92
4,16,0.205058,0.000001,0.108044,0.00
200,16,0.291962,0.002356,0.186298,0.81
500,16,0.354954,0.038973,0.157159,10.98
800,16,0.595299,0.163716,0.276667,27.50
1000,16,1.235935,0.335070,0.713842,27.11
2000,16,6.812093,3.541716,3.110100,51.99
4000,16,36.613552,36.335615,0.274622,99.24
4,4,0.000313,0.000000,0.000016,0.13
200,4,0.011125,0.010474,0.000339,94.14
500,4,0.180701,0.175223,0.005136,96.97
800,4,0.879403,0.836537,0.042536,95.13
1000,4,1.864194,1.780253,0.083571,95.50
4,4,0.000525,0.000001,0.000028,0.10
200,4,0.011477,0.010046,0.000824,87.53
500,4,0.188979,0.184105,0.004217,97.42
800,4,1.077854,1.026577,0.050393,95.24
4,16,0.270420,0.000001,0.100087,0.00
200,16,0.283142,0.002360,0.136468,0.83
500,16,0.379497,0.038411,0.178890,10.12
800,16,0.736643,0.165941,0.349998,22.53
1000,16,0.928660,0.336377,0.519813,36.22
2000,16,7.012213,3.637094,3.159185,51.87
4,16,0.169457,0.000001,0.075916,0.00
200,16,0.427988,0.002354,0.270280,0.55
500,16,0.475445,0.038178,0.261956,8.03
800,16,0.699960,0.164431,0.353651,23.49
1000,16,1.079994,0.338485,0.626448,31.34
2000,16,9.490967,3.650836,5.703801,38.47
4000,16,62.854408,33.214353,29.534759,52.84
5000,16,131.197241,127.833703,2.954652,97.44
200,64,0.344825,0.000598,0.139843,0.17
800,64,0.683984,0.038710,0.442305,5.66
1000,64,0.800091,0.076654,0.452036,9.58
2000,64,3.351985,1.379739,1.593486,41.16
4000,64,40.431989,15.684517,24.480707,38.79
200,25,0.232427,0.001559,0.075105,0.67
200,64,0.393509,0.000602,0.174025,0.15
500,25,0.281881,0.024113,0.163928,8.55
800,25,0.660117,0.107624,0.380679,16.30
1000,25,0.592395,0.205403,0.264219,34.67
2000,25,4.950587,2.049213,2.779768,41.39
4000,25,44.661665,21.020193,23.545269,47.07
5000,25,141.631261,40.732163,100.765906,28.76
